epoch,batch_idx,t_seconds_since_start,l_align,l_uniform,l_bce,l_total,grad_norm_E,grad_norm_p_target,grad_norm_p_context,grad_norm_link_head,E_norm_mean,E_norm_p99,E_norm_max,active_seed_count,total_seed_count,mean_walk_len_valid
1,0,0.393,0.000000,-0.000835,0.675320,0.674485,0.000460,0.001539,0.001797,0.583346,0.217037,0.251202,0.269188,0,495,0.0000
1,1,0.410,1.874397,-0.000958,0.665755,2.539194,0.030875,3.785075,4.035126,0.574903,0.208683,0.243338,0.264076,145,525,4.8483
1,2,0.427,1.542534,-0.000967,0.656084,2.197651,0.025082,3.667036,3.894940,0.567073,0.200622,0.235764,0.259946,215,460,4.6884
1,3,0.443,1.186197,-0.000970,0.645259,1.830486,0.023630,3.408226,3.599258,0.559030,0.192844,0.229375,0.255519,270,600,5.4481
1,4,0.459,0.850110,-0.000970,0.633071,1.482211,0.026971,3.011446,3.163098,0.550725,0.185346,0.224004,0.251369,250,685,5.7840
1,5,0.473,0.558836,-0.000962,0.618619,1.176493,0.021352,2.503516,2.618458,0.541722,0.178135,0.220211,0.249013,325,615,4.5323
1,6,0.486,0.327931,-0.000942,0.601691,0.928680,0.016767,1.927022,2.011957,0.532260,0.171202,0.217479,0.249457,340,615,4.8176
1,7,0.504,0.166616,-0.000931,0.581971,0.747657,0.010028,1.345548,1.408995,0.522479,0.164541,0.215833,0.251220,400,760,4.5500
1,8,0.517,0.076798,-0.000913,0.557148,0.633034,0.004310,0.872950,0.919693,0.511164,0.158137,0.214118,0.252942,415,630,5.6988
1,9,0.531,0.047846,-0.000900,0.528615,0.575561,0.005313,0.676559,0.703778,0.499056,0.151982,0.213055,0.254581,350,540,5.7400
1,10,0.551,0.057689,-0.000891,0.499320,0.556118,0.010554,0.752371,0.767686,0.485293,0.146079,0.212739,0.255780,430,690,6.0209
1,11,0.568,0.081264,-0.000884,0.464863,0.545244,0.013301,0.873731,0.890880,0.467082,0.140426,0.212230,0.256888,455,765,5.6901
1,12,0.586,0.099998,-0.000880,0.429108,0.528225,0.016452,0.935290,0.958086,0.441399,0.135015,0.212053,0.257851,375,725,5.8000
1,13,0.601,0.106059,-0.000883,0.393298,0.498474,0.014869,0.929068,0.956786,0.398528,0.129843,0.212129,0.258724,435,710,6.2621
1,14,0.620,0.100622,-0.000888,0.356440,0.456175,0.011989,0.874997,0.905456,0.335349,0.124899,0.211792,0.259078,500,685,6.4060
1,15,0.634,0.087650,-0.000918,0.329189,0.415921,0.010436,0.791077,0.822568,0.238365,0.120181,0.211619,0.259305,460,655,5.8391
1,16,0.647,0.071415,-0.000916,0.308754,0.379252,0.009139,0.692623,0.723919,0.125851,0.115682,0.211580,0.259351,390,500,7.0359
1,17,0.661,0.055650,-0.000951,0.310711,0.365411,0.006365,0.593097,0.622879,0.043453,0.111392,0.211220,0.259220,390,550,6.8744
1,18,0.683,0.042661,-0.000971,0.312614,0.354304,0.004134,0.504228,0.531775,0.118747,0.107306,0.212329,0.259067,555,780,5.8685
1,19,0.697,0.032909,-0.001043,0.323586,0.355452,0.002742,0.432041,0.456864,0.234121,0.103417,0.214063,0.258854,515,695,5.6427
1,20,0.709,0.026726,-0.001084,0.333573,0.359215,0.002031,0.383535,0.405101,0.294089,0.099719,0.214680,0.258627,420,595,6.4333
1,21,0.721,0.023262,-0.001194,0.344466,0.366535,0.001602,0.356540,0.374530,0.348204,0.096208,0.216141,0.258925,470,630,6.2979
1,22,0.739,0.021219,-0.001288,0.341327,0.361257,0.001520,0.342373,0.357055,0.339499,0.092877,0.218466,0.263997,475,605,6.1263
1,23,0.754,0.019951,-0.001410,0.337986,0.356527,0.001528,0.334388,0.346297,0.329824,0.089725,0.220717,0.268910,535,675,6.0804
1,24,0.766,0.018785,-0.001628,0.331633,0.348790,0.001775,0.325889,0.335671,0.298311,0.086749,0.223379,0.274497,440,600,6.5659
1,25,0.779,0.017446,-0.001797,0.318814,0.334463,0.001881,0.313926,0.322709,0.232046,0.083948,0.226266,0.280446,480,650,6.6604
1,26,0.794,0.015849,-0.002093,0.309689,0.323444,0.001912,0.297404,0.305561,0.166682,0.081317,0.230054,0.286892,510,665,7.1157
1,27,0.813,0.013996,-0.002448,0.306249,0.317797,0.001998,0.276836,0.284717,0.120485,0.078854,0.232211,0.294260,525,685,6.8762
1,28,0.825,0.012243,-0.002909,0.301784,0.311119,0.002232,0.254760,0.262709,0.054744,0.076559,0.235664,0.302430,445,560,6.8652
1,29,0.841,0.010671,-0.003396,0.299831,0.307106,0.002156,0.233566,0.241993,0.006854,0.074430,0.240567,0.311312,660,760,7.5091
1,30,0.859,0.009440,-0.004224,0.296717,0.301933,0.002477,0.214279,0.223567,0.051564,0.072460,0.246286,0.320731,600,800,7.0200
1,31,0.872,0.008531,-0.005458,0.303025,0.306098,0.002997,0.199197,0.209907,0.079321,0.070649,0.254547,0.330478,485,585,7.0227
1,32,0.889,0.007909,-0.006822,0.302056,0.303143,0.003413,0.187729,0.199975,0.106420,0.068991,0.263602,0.340733,655,785,6.7298
1,33,0.902,0.007522,-0.009149,0.297856,0.296230,0.004362,0.180394,0.195204,0.129543,0.067480,0.273665,0.351553,610,790,7.2738
1,34,0.917,0.007500,-0.011904,0.299282,0.294878,0.005466,0.175380,0.193620,0.127281,0.066109,0.284027,0.362648,580,740,6.9103
1,35,0.930,0.007550,-0.016686,0.305452,0.296316,0.007173,0.171325,0.195774,0.130015,0.064869,0.294539,0.374269,525,645,7.3352
1,36,0.945,0.007527,-0.022440,0.298816,0.283904,0.009250,0.167130,0.201864,0.127896,0.063753,0.305495,0.385165,620,700,7.4710
1,37,0.958,0.007591,-0.031625,0.304060,0.280026,0.012278,0.162234,0.217227,0.107051,0.062759,0.316495,0.396733,570,665,6.7579
1,38,0.972,0.007329,-0.044512,0.296357,0.259174,0.016468,0.156008,0.245675,0.103830,0.061885,0.328326,0.408592,555,650,7.3153
1,39,0.985,0.008904,-0.066578,0.297449,0.239775,0.023297,0.150946,0.302546,0.077395,0.061125,0.339965,0.420909,505,600,6.8515
1,40,1.000,0.009774,-0.099316,0.292769,0.203227,0.031974,0.147177,0.396325,0.056032,0.060482,0.351739,0.433782,605,750,7.1273
1,41,1.013,0.011586,-0.151472,0.289593,0.149707,0.044437,0.147949,0.534301,0.038010,0.059963,0.363985,0.446896,585,655,7.5607
1,42,1.026,0.016435,-0.238271,0.297927,0.076092,0.064492,0.150243,0.720604,0.016957,0.059553,0.376163,0.460125,435,525,7.8966
1,43,1.040,0.022251,-0.352547,0.289263,-0.041033,0.078797,0.164758,0.881313,0.024955,0.059259,0.389026,0.473823,625,760,6.5584
1,44,1.053,0.032839,-0.490654,0.299002,-0.158813,0.095748,0.205638,0.959739,0.070944,0.059072,0.402488,0.487896,515,620,7.9631
1,45,1.070,0.047959,-0.659176,0.312160,-0.299057,0.112168,0.267733,0.886969,0.111040,0.058971,0.416543,0.502501,495,630,7.9879
1,46,1.083,0.084663,-0.817276,0.302926,-0.429686,0.144364,0.377835,0.618323,0.095253,0.058913,0.430665,0.517512,505,625,8.0812
1,47,1.099,0.119835,-0.975222,0.298548,-0.556840,0.180094,0.504071,0.369069,0.099603,0.058851,0.444859,0.532884,545,625,7.7138
1,48,1.117,0.143683,-1.122832,0.285122,-0.694027,0.228536,0.694800,0.241383,0.076623,0.058774,0.459610,0.548085,595,730,7.4571
1,49,1.130,0.239800,-1.284960,0.294329,-0.750830,0.290486,0.873838,0.398106,0.097781,0.058702,0.474505,0.563549,570,630,8.1526
1,50,1.144,0.245452,-1.453844,0.284461,-0.923931,0.297480,0.970395,0.410964,0.064941,0.058653,0.489905,0.579082,595,700,8.5966
1,51,1.158,0.327218,-1.607840,0.293073,-0.987548,0.363786,0.890415,0.509425,0.072771,0.058638,0.505137,0.594636,595,690,7.9580
1,52,1.172,0.278311,-1.718860,0.279050,-1.161498,0.431513,0.733667,0.477831,0.028241,0.058669,0.518284,0.610126,540,640,8.2593
1,53,1.187,0.400256,-1.905065,0.283500,-1.221308,0.483611,0.591735,0.543173,0.018957,0.058731,0.532667,0.625712,555,660,8.9766
1,54,1.206,0.451136,-1.988376,0.287335,-1.249906,0.525354,0.497341,0.479013,0.013589,0.058799,0.546016,0.640777,565,690,9.0991
1,55,1.219,0.355810,-2.103979,0.278962,-1.469207,0.585291,0.369385,0.507798,0.029638,0.058863,0.560102,0.655298,590,665,8.2000
1,56,1.234,0.342737,-2.211144,0.273359,-1.595049,0.693566,0.295184,0.487208,0.050400,0.058941,0.573712,0.668631,555,615,8.8883
1,57,1.253,0.400236,-2.172133,0.280408,-1.491489,0.676333,0.404659,0.406994,0.045925,0.059025,0.586908,0.681498,530,565,9.7245
1,58,1.267,0.418469,-2.190123,0.280466,-1.491188,0.629950,0.540973,0.445925,0.042444,0.059127,0.599802,0.693784,575,635,9.8522
1,59,1.280,0.390564,-2.260171,0.284085,-1.585522,0.684261,0.544778,0.420635,0.033071,0.059236,0.611020,0.705280,525,615,8.7219
1,60,1.294,0.385670,-2.222076,0.278515,-1.557891,0.712092,0.342663,0.323024,0.033135,0.059340,0.622249,0.716777,500,575,8.6040
1,61,1.309,0.419408,-2.285073,0.288752,-1.576913,0.749681,0.400390,0.258780,0.011479,0.059443,0.633444,0.728177,635,760,8.1984
1,62,1.323,0.484572,-2.312461,0.290100,-1.537789,0.788069,0.365770,0.263025,0.007434,0.059538,0.643711,0.739481,620,715,8.4952
1,63,1.341,0.492364,-2.300808,0.298228,-1.510216,0.826917,0.447071,0.316303,0.039156,0.059622,0.653770,0.750346,655,765,8.4840
1,64,1.363,0.478868,-2.389804,0.286617,-1.624319,0.918830,0.427780,0.329963,0.008619,0.059704,0.663818,0.760464,525,610,9.0324
1,65,1.386,0.456315,-2.382967,0.297519,-1.629133,0.795993,0.515777,0.391798,0.033552,0.059798,0.673908,0.770129,585,650,8.9590
1,66,1.400,0.539201,-2.452635,0.313733,-1.599701,0.777405,0.416676,0.334059,0.066645,0.059910,0.683560,0.780706,540,585,8.4185
1,67,1.416,0.533393,-2.412522,0.312964,-1.566165,0.748623,0.444789,0.264628,0.065427,0.060042,0.692145,0.793401,610,720,8.3852
1,68,1.430,0.434410,-2.461608,0.289270,-1.737927,0.884796,0.730080,0.428569,0.044358,0.060184,0.702055,0.806076,540,645,9.0222
1,69,1.445,0.383533,-2.475146,0.290482,-1.801131,0.749887,0.568678,0.425893,0.031888,0.060341,0.710942,0.818401,645,735,9.0016
1,70,1.460,0.466173,-2.517162,0.305645,-1.745343,0.820162,0.448705,0.256033,0.038553,0.060510,0.720839,0.830788,575,695,8.4383
1,71,1.475,0.420167,-2.563483,0.288686,-1.854630,0.679429,0.298900,0.245937,0.039831,0.060687,0.729954,0.842220,640,740,8.4125
1,72,1.492,0.362954,-2.594922,0.279538,-1.952430,0.677487,0.330725,0.258147,0.073618,0.060869,0.738936,0.853585,640,800,8.4516
1,73,1.514,0.518376,-2.549368,0.288699,-1.742293,0.720105,0.280033,0.229180,0.042065,0.061048,0.747521,0.863900,755,875,7.6755
1,74,1.534,0.436607,-2.663707,0.284268,-1.942832,0.602395,0.320067,0.241998,0.045123,0.061242,0.755681,0.874310,700,765,9.0286
1,75,1.549,0.457014,-2.604074,0.297931,-1.849129,0.616774,0.266155,0.212811,0.028267,0.061454,0.764929,0.884002,690,760,9.1217
1,76,1.568,0.481382,-2.620190,0.296233,-1.842575,0.610097,0.164116,0.170513,0.022699,0.061668,0.772389,0.893486,695,840,8.0446
1,77,1.588,0.427124,-2.675530,0.303693,-1.944713,0.552543,0.187208,0.288880,0.039831,0.061887,0.781145,0.902565,705,830,8.7021
1,78,1.607,0.424373,-2.712108,0.294101,-1.993634,0.614683,0.159041,0.156751,0.026908,0.062128,0.789426,0.911570,655,775,8.7145
1,79,1.627,0.481500,-2.752971,0.307404,-1.964067,0.579021,0.152805,0.182896,0.052295,0.062370,0.798483,0.919181,665,775,8.8406
1,80,1.644,0.473442,-2.727881,0.297448,-1.956990,0.628031,0.174935,0.242691,0.027335,0.062628,0.806828,0.925998,600,685,9.0200
1,81,1.667,0.490335,-2.785904,0.304178,-1.991391,0.601534,0.174104,0.248887,0.028300,0.062897,0.814933,0.933303,645,740,8.9054
1,82,1.690,0.489537,-2.854794,0.299923,-2.065333,0.611136,0.215203,0.263902,0.020350,0.063182,0.822571,0.943358,680,775,8.6206
1,83,1.710,0.434761,-2.832860,0.301578,-2.096521,0.565925,0.203109,0.161349,0.022998,0.063475,0.829404,0.952973,705,785,8.2142
1,84,1.730,0.520895,-2.898972,0.300070,-2.078006,0.590729,0.171577,0.162105,0.025905,0.063778,0.836262,0.962394,625,700,8.2368
1,85,1.750,0.487406,-2.852973,0.292621,-2.072947,0.617370,0.295688,0.303063,0.034776,0.064081,0.843113,0.971704,645,760,8.2419
1,86,1.769,0.524239,-2.872854,0.290426,-2.058189,0.559297,0.411691,0.462535,0.046737,0.064387,0.849660,0.980224,605,675,8.4942
1,87,1.789,0.497659,-2.906708,0.279446,-2.129604,0.542804,0.310639,0.306594,0.078332,0.064718,0.855819,0.987885,815,865,7.6233
1,88,1.809,0.425186,-2.925237,0.295104,-2.204947,0.535492,0.179066,0.154222,0.023772,0.065059,0.862261,0.995246,680,725,8.7956
1,89,1.828,0.438917,-3.047608,0.284788,-2.323904,0.528491,0.163354,0.178053,0.042781,0.065397,0.867834,1.001545,720,785,8.6181
1,90,1.852,0.470183,-2.956195,0.291547,-2.194465,0.506829,0.233258,0.215306,0.024140,0.065736,0.874436,1.007769,735,835,8.1034
1,91,1.874,0.409735,-2.960007,0.288115,-2.262157,0.533496,0.175216,0.260250,0.022956,0.066092,0.879012,1.014313,730,820,8.4041
1,92,1.900,0.442207,-2.893685,0.278390,-2.173088,0.493785,0.243271,0.210120,0.034161,0.066456,0.885407,1.020649,780,915,8.7167
1,93,1.923,0.533851,-3.006937,0.289368,-2.183717,0.577273,0.251117,0.308827,0.014015,0.066836,0.890399,1.026437,655,780,8.2458
1,94,1.945,0.493104,-2.839319,0.296166,-2.050049,0.559942,0.310870,0.395173,0.031827,0.067212,0.895087,1.032118,655,730,8.1160
1,95,1.967,0.673651,-2.903112,0.294310,-1.935152,0.619497,0.187871,0.142040,0.031137,0.067579,0.900443,1.037764,675,750,8.0281
1,96,1.989,0.497846,-2.960725,0.287507,-2.175372,0.572376,0.107384,0.113716,0.022671,0.067940,0.906603,1.043425,675,745,9.4519
1,97,2.016,0.553946,-2.950432,0.306840,-2.089647,0.616909,0.103110,0.177214,0.073759,0.068298,0.911074,1.049154,595,650,8.6118
1,98,2.036,0.528475,-2.893898,0.296813,-2.068610,0.541242,0.156559,0.120848,0.029949,0.068648,0.915888,1.054510,695,760,9.2000
1,99,2.060,0.587593,-2.887570,0.292158,-2.007819,0.554625,0.169218,0.119511,0.015315,0.068979,0.920251,1.060070,660,765,9.3712
1,100,2.080,0.567517,-2.909606,0.300097,-2.041992,0.561226,0.174046,0.183718,0.022285,0.069321,0.925556,1.065206,550,645,9.3000
1,101,2.103,0.447381,-2.990403,0.283599,-2.259422,0.563151,0.449787,0.482472,0.031662,0.069665,0.929769,1.069920,680,745,9.9706
1,102,2.129,0.423340,-2.941261,0.283361,-2.234560,0.575255,0.250043,0.325197,0.044986,0.070014,0.935015,1.074374,720,795,9.3208
1,103,2.153,0.393938,-3.007740,0.280676,-2.333125,0.529325,0.117043,0.223069,0.051862,0.070352,0.940431,1.078256,635,730,8.4772
1,104,2.175,0.399854,-2.957125,0.287215,-2.270056,0.526980,0.129854,0.234823,0.034837,0.070709,0.945164,1.082178,745,855,8.6631
1,105,2.196,0.443653,-3.015059,0.293115,-2.278292,0.497141,0.191760,0.191756,0.015305,0.071062,0.950867,1.085924,675,760,9.1200
1,106,2.221,0.357418,-3.001930,0.280889,-2.363624,0.500339,0.162988,0.176572,0.032765,0.071399,0.955142,1.090163,695,745,9.7468
1,107,2.242,0.543470,-2.984516,0.299208,-2.141838,0.599792,0.172675,0.222965,0.026332,0.071720,0.960838,1.094947,455,495,9.2462
1,108,2.263,0.430073,-3.018460,0.292095,-2.296292,0.535593,0.329845,0.284541,0.007571,0.072040,0.965190,1.099789,590,675,9.5017
1,109,2.285,0.519302,-3.089590,0.299418,-2.270870,0.549891,0.193848,0.170302,0.039714,0.072347,0.969485,1.104657,705,750,9.3489
1,110,2.307,0.582085,-3.035560,0.293874,-2.159601,0.524180,0.130502,0.213523,0.015441,0.072652,0.974166,1.108912,665,705,9.6496
1,111,2.333,0.410449,-3.074392,0.294327,-2.369617,0.545662,0.133846,0.227986,0.018968,0.072949,0.977977,1.113501,600,640,10.4333
1,112,2.356,0.459430,-3.065530,0.297731,-2.308369,0.535961,0.152990,0.327685,0.025030,0.073242,0.981801,1.118133,605,640,10.7884
1,113,2.379,0.559233,-3.051556,0.291613,-2.200710,0.540194,0.141556,0.076909,0.010944,0.073515,0.985469,1.122943,600,665,8.7867
1,114,2.400,0.366102,-3.054358,0.281950,-2.406306,0.490867,0.089352,0.137649,0.040028,0.073789,0.988920,1.127221,650,705,9.2815
1,115,2.422,0.475275,-3.039931,0.285153,-2.279503,0.568056,0.126994,0.158110,0.032153,0.074054,0.991108,1.131969,680,745,9.7176
1,116,2.445,0.464679,-3.067683,0.287253,-2.315751,0.528576,0.232059,0.153297,0.025904,0.074316,0.996533,1.136417,785,855,10.3389
1,117,2.467,0.422625,-3.016320,0.277062,-2.316633,0.551784,0.141685,0.219569,0.050222,0.074581,0.999474,1.140373,685,760,9.9401
1,118,2.490,0.499690,-2.996654,0.286886,-2.210077,0.526199,0.111517,0.149083,0.020621,0.074836,1.002910,1.143929,695,775,10.6576
1,119,2.511,0.440082,-2.962656,0.287495,-2.235080,0.496332,0.117775,0.136797,0.009689,0.075095,1.005879,1.147190,605,680,10.1372
1,120,2.533,0.481791,-3.067697,0.288936,-2.296970,0.498507,0.160304,0.180230,0.012489,0.075373,1.008497,1.150041,740,835,9.4135
1,121,2.562,0.477352,-3.140580,0.289802,-2.373426,0.513390,0.177808,0.135016,0.025851,0.075661,1.013331,1.152463,705,795,9.6936
1,122,2.588,0.582438,-3.018852,0.311921,-2.124493,0.500778,0.198984,0.214789,0.088055,0.075953,1.014423,1.155066,740,855,10.3635
1,123,2.616,0.564050,-3.061471,0.288377,-2.209043,0.515240,0.094362,0.085015,0.007998,0.076243,1.017711,1.157373,650,710,9.6246
1,124,2.643,0.495720,-3.015363,0.290739,-2.228904,0.493525,0.298361,0.178823,0.012908,0.076531,1.020732,1.159220,780,890,9.5256
1,125,2.670,0.558441,-3.033373,0.296529,-2.178403,0.515921,0.147528,0.128740,0.020662,0.076822,1.022886,1.160755,590,675,9.3034
1,126,2.699,0.432629,-3.084558,0.288338,-2.363591,0.456333,0.205874,0.194297,0.017420,0.077122,1.026761,1.162408,690,770,10.0565
1,127,2.727,0.464463,-3.112799,0.295961,-2.352375,0.478603,0.210335,0.073656,0.018621,0.077422,1.029670,1.164124,665,730,9.8090
1,128,2.763,0.505553,-3.022644,0.300683,-2.216408,0.504027,0.281091,0.180042,0.027099,0.077710,1.032683,1.165431,690,750,9.1058
1,129,2.792,0.533353,-3.012264,0.286967,-2.191943,0.485851,0.248556,0.226395,0.019090,0.078013,1.036117,1.166862,605,690,9.6975
1,130,2.817,0.563811,-3.065464,0.285697,-2.215956,0.545176,0.093287,0.174158,0.026627,0.078305,1.039441,1.168828,560,630,10.0875
1,131,2.842,0.360372,-3.138927,0.283982,-2.494572,0.555065,0.128480,0.158290,0.041905,0.078595,1.041755,1.170266,505,590,9.7683
1,132,2.870,0.504467,-3.045123,0.279623,-2.261032,0.546869,0.231932,0.172143,0.044417,0.078877,1.044189,1.171099,570,630,9.5667
1,133,2.895,0.516337,-3.010905,0.281885,-2.212683,0.520833,0.125937,0.087155,0.044179,0.079178,1.046771,1.172109,605,710,9.3372
1,134,2.928,0.480925,-3.114360,0.290391,-2.343044,0.501394,0.121244,0.190041,0.009649,0.079465,1.048773,1.173707,715,810,9.1608
1,135,2.952,0.522207,-3.173342,0.294132,-2.357002,0.593361,0.064813,0.107050,0.006142,0.079752,1.050153,1.175308,550,635,10.1073
1,136,2.984,0.469827,-3.201550,0.297314,-2.434409,0.561675,0.158576,0.180242,0.010131,0.080037,1.052575,1.176320,585,625,10.4239
1,137,3.008,0.495165,-3.104831,0.300578,-2.309087,0.566038,0.076941,0.065462,0.017078,0.080332,1.054548,1.180744,600,645,10.4850
1,138,3.032,0.536596,-3.108729,0.288728,-2.283404,0.522373,0.167149,0.099020,0.015371,0.080611,1.056032,1.188200,660,705,10.0864
1,139,3.056,0.492794,-3.057068,0.297968,-2.266306,0.544286,0.081274,0.162140,0.012954,0.080890,1.056480,1.194803,575,655,10.1270
1,140,3.082,0.440246,-3.062469,0.288997,-2.333226,0.517367,0.176254,0.058021,0.006469,0.081185,1.058874,1.200656,560,600,9.8500
1,141,3.110,0.460761,-3.081160,0.298179,-2.322219,0.447124,0.141221,0.113613,0.026015,0.081476,1.061616,1.208405,735,830,9.7823
1,142,3.140,0.375968,-3.074647,0.293103,-2.405576,0.492813,0.183035,0.112607,0.014832,0.081766,1.063719,1.215823,580,625,10.2517
1,143,3.167,0.428302,-3.123062,0.293002,-2.401758,0.459572,0.259754,0.131539,0.029345,0.082078,1.066731,1.223297,635,685,9.8346
1,144,3.192,0.366207,-3.074087,0.285426,-2.422453,0.471547,0.183587,0.211851,0.012714,0.082403,1.068627,1.230388,685,745,9.8044
1,145,3.217,0.389920,-3.035654,0.287115,-2.358618,0.472809,0.114865,0.129909,0.017420,0.082720,1.073297,1.237211,665,730,9.4857
1,146,3.241,0.506128,-3.114900,0.295847,-2.312925,0.498453,0.166561,0.109362,0.022207,0.083029,1.075910,1.243882,710,810,9.8310
1,147,3.265,0.552546,-3.036784,0.307162,-2.177076,0.508042,0.164616,0.049492,0.054777,0.083328,1.079185,1.251474,610,665,8.5705
1,148,3.294,0.672642,-3.128956,0.298343,-2.157971,0.549767,0.162398,0.106763,0.026098,0.083605,1.080468,1.259181,685,755,10.1869
1,149,3.322,0.649276,-3.132466,0.293061,-2.190130,0.549230,0.290281,0.158479,0.017790,0.083878,1.080733,1.265955,610,695,9.1033
1,150,3.347,0.554124,-3.072837,0.289684,-2.229029,0.543532,0.152573,0.080486,0.044809,0.084135,1.084254,1.274275,645,725,10.0512
1,151,3.371,0.459066,-3.142404,0.287899,-2.395439,0.473938,0.122143,0.148852,0.050246,0.084396,1.087063,1.282323,750,800,9.1800
1,152,3.396,0.416416,-3.074285,0.289823,-2.368046,0.519559,0.089540,0.181777,0.063710,0.084659,1.089525,1.291710,685,760,10.2190
1,153,3.429,0.468789,-3.155064,0.283274,-2.403001,0.518251,0.115619,0.082626,0.058778,0.084931,1.092195,1.301588,705,800,9.6539
1,154,3.454,0.455193,-3.089531,0.284426,-2.349912,0.492083,0.167856,0.174470,0.058416,0.085202,1.094955,1.310699,660,740,8.8318
1,155,3.481,0.485528,-3.104302,0.289391,-2.329383,0.498182,0.114273,0.122716,0.020205,0.085458,1.095289,1.318744,760,860,9.3382
1,156,3.507,0.369052,-3.076834,0.282939,-2.424844,0.474342,0.190352,0.108690,0.038576,0.085717,1.095810,1.327113,725,785,9.6110
1,157,3.532,0.359537,-3.130350,0.281273,-2.489540,0.484706,0.174001,0.059108,0.025829,0.085981,1.098593,1.335497,710,770,9.9493
1,158,3.564,0.393220,-3.195503,0.290063,-2.512220,0.505022,0.185522,0.183151,0.016472,0.086239,1.100049,1.344636,660,785,9.3030
1,159,3.592,0.450409,-3.114236,0.302363,-2.361464,0.483243,0.073448,0.160087,0.051793,0.086501,1.101497,1.354788,750,840,8.9573
1,160,3.619,0.391733,-3.139445,0.306394,-2.441318,0.477496,0.122769,0.163373,0.075541,0.086749,1.104049,1.365856,635,770,9.6630
1,161,3.645,0.482791,-3.127077,0.295952,-2.348333,0.500686,0.116073,0.168982,0.052228,0.086992,1.106600,1.378472,550,635,9.2818
1,162,3.671,0.454866,-3.097990,0.291979,-2.351144,0.552975,0.047951,0.127217,0.046470,0.087227,1.108173,1.389808,610,640,9.8443
1,163,3.704,0.345439,-3.067447,0.280403,-2.441604,0.491358,0.115748,0.187773,0.015936,0.087434,1.110033,1.402023,585,650,10.5709
1,164,3.733,0.509947,-3.088538,0.290465,-2.288125,0.564840,0.150251,0.146473,0.017774,0.087644,1.111435,1.414277,600,670,10.5167
1,165,3.761,0.416272,-3.084306,0.275530,-2.392504,0.493270,0.087147,0.123186,0.031884,0.087854,1.112116,1.425411,590,640,9.8949
1,166,3.795,0.476242,-3.155416,0.283964,-2.395210,0.520735,0.104497,0.194573,0.023582,0.088061,1.112493,1.435226,660,725,10.4924
1,167,3.825,0.419025,-3.146304,0.280345,-2.446934,0.504208,0.164155,0.117468,0.032485,0.088266,1.112200,1.444091,635,705,9.6268
1,168,3.853,0.338232,-3.111453,0.280651,-2.492570,0.484858,0.086642,0.187188,0.022873,0.088465,1.114286,1.452040,600,675,10.3167
1,169,3.880,0.366880,-3.156941,0.276955,-2.513106,0.491443,0.102525,0.159171,0.032709,0.088669,1.116028,1.459266,695,705,10.2331
1,170,3.907,0.391801,-3.064306,0.265186,-2.407320,0.470766,0.075712,0.249344,0.052525,0.088868,1.117770,1.465624,710,770,10.2113
1,171,3.935,0.449798,-3.120910,0.275053,-2.396060,0.482404,0.088372,0.054695,0.041933,0.089058,1.118884,1.471650,650,685,10.2492
1,172,3.963,0.350201,-3.118512,0.266268,-2.502044,0.487887,0.198114,0.145476,0.044091,0.089240,1.119322,1.477406,715,795,10.0657
1,173,3.992,0.411396,-3.167065,0.272272,-2.483397,0.519611,0.138286,0.193007,0.026477,0.089433,1.120139,1.484007,690,720,10.7565
1,174,4.025,0.388214,-3.066212,0.278412,-2.399586,0.487973,0.096975,0.147309,0.014329,0.089622,1.122457,1.490776,755,785,11.1576
1,175,4.056,0.460996,-3.114989,0.281690,-2.372304,0.515987,0.149214,0.272844,0.035741,0.089821,1.123469,1.497583,645,675,10.7411
1,176,4.088,0.451901,-3.131263,0.301286,-2.378077,0.471266,0.091736,0.127980,0.078338,0.090021,1.124564,1.503773,685,730,10.2467
1,177,4.121,0.479482,-3.105612,0.286129,-2.340002,0.490237,0.062609,0.114814,0.045625,0.090228,1.125411,1.509757,755,840,10.4318
1,178,4.154,0.438027,-3.073133,0.278859,-2.356246,0.473895,0.144790,0.195327,0.028042,0.090431,1.125963,1.515573,660,725,10.3773
1,179,4.184,0.409554,-3.084820,0.298186,-2.377081,0.475403,0.128808,0.200365,0.054201,0.090615,1.126963,1.521852,700,820,9.9029
1,180,4.212,0.386201,-3.096418,0.307299,-2.402919,0.488144,0.116880,0.080094,0.070193,0.090802,1.128191,1.528932,615,685,10.8764
1,181,4.243,0.405533,-3.134927,0.281995,-2.447398,0.500296,0.138640,0.115584,0.013622,0.090980,1.127791,1.535525,715,775,10.5385
1,182,4.276,0.446105,-3.132658,0.305018,-2.381535,0.527662,0.220043,0.141822,0.049171,0.091151,1.127989,1.541581,690,715,11.2565
1,183,4.307,0.553325,-3.229436,0.297374,-2.378736,0.540533,0.121346,0.153974,0.022835,0.091324,1.128693,1.547427,775,805,10.2013
1,184,4.337,0.468262,-3.101570,0.287307,-2.346000,0.459935,0.134659,0.126178,0.035342,0.091497,1.130063,1.553242,740,820,10.5486
1,185,4.367,0.502200,-3.089169,0.290744,-2.296225,0.489467,0.145028,0.116223,0.052059,0.091670,1.129847,1.559694,650,725,10.2277
1,186,4.401,0.426138,-3.096660,0.298737,-2.371784,0.519685,0.166826,0.233710,0.072363,0.091846,1.128424,1.566690,560,600,10.4946
1,187,4.431,0.455620,-3.122678,0.285898,-2.381160,0.487515,0.082149,0.101369,0.074340,0.092018,1.127441,1.574315,615,690,10.1772
1,188,4.464,0.459405,-3.135715,0.285610,-2.390699,0.481580,0.110183,0.153618,0.083697,0.092173,1.126145,1.582258,685,735,11.0774
1,189,4.498,0.549001,-3.128487,0.289358,-2.290128,0.454825,0.229924,0.138943,0.062548,0.092305,1.125040,1.589774,705,765,10.3660
1,190,4.529,0.503564,-3.033916,0.297201,-2.233151,0.442803,0.158707,0.111629,0.065056,0.092423,1.125248,1.597604,660,705,11.1242
1,191,4.560,0.450359,-3.111586,0.299595,-2.361632,0.450663,0.122882,0.123724,0.019973,0.092539,1.126216,1.605807,680,750,10.1779
1,192,4.593,0.570781,-3.087975,0.294327,-2.222866,0.492700,0.105189,0.145886,0.019706,0.092665,1.126914,1.613301,655,705,10.4504
1,193,4.627,0.550229,-3.186592,0.296512,-2.339852,0.503113,0.147367,0.127911,0.032752,0.092787,1.126824,1.620415,605,640,10.3157
1,194,4.658,0.515887,-3.228037,0.286658,-2.425492,0.492796,0.106020,0.109257,0.031185,0.092885,1.128172,1.626470,760,815,10.8724
1,195,4.689,0.577505,-3.117917,0.290911,-2.249501,0.538668,0.392490,0.269828,0.038671,0.092972,1.129425,1.631754,690,755,10.2159
1,196,4.719,0.404576,-3.159454,0.287056,-2.467822,0.548218,0.254946,0.216138,0.035367,0.093055,1.132244,1.636397,665,755,10.4045
1,197,4.751,0.519702,-3.209558,0.286840,-2.403016,0.527455,0.201973,0.212614,0.033185,0.093151,1.133236,1.640935,650,765,10.3877
1,198,4.787,0.460383,-3.092356,0.276511,-2.355463,0.440011,0.326936,0.210844,0.031195,0.093270,1.135811,1.645973,735,795,10.9932
1,199,4.820,0.457911,-3.079575,0.278927,-2.342737,0.451693,0.284180,0.099061,0.033303,0.093384,1.136785,1.650756,720,785,10.7458
1,200,4.852,0.476056,-3.174749,0.281985,-2.416709,0.483710,0.335980,0.271161,0.030035,0.093532,1.137208,1.655165,665,745,10.3639
1,201,4.885,0.444144,-3.152675,0.280355,-2.428176,0.457431,0.139531,0.138618,0.017972,0.093702,1.137260,1.659737,795,855,10.0591
1,202,4.922,0.555796,-3.075661,0.278809,-2.241056,0.464216,0.104174,0.324585,0.018607,0.093876,1.138513,1.663791,695,740,10.4245
1,203,4.956,0.460294,-3.070108,0.294383,-2.315432,0.454461,0.241289,0.305658,0.018839,0.094043,1.138361,1.668697,745,825,10.3852
1,204,4.994,0.502939,-3.161603,0.277458,-2.381207,0.445743,0.223678,0.150573,0.039375,0.094244,1.139613,1.673178,890,965,10.2079
1,205,5.031,0.489384,-3.090431,0.289471,-2.311576,0.475580,0.179211,0.077097,0.011429,0.094438,1.139516,1.677962,860,960,10.3430
1,206,5.066,0.555425,-3.082957,0.299646,-2.227885,0.468099,0.165350,0.176026,0.026284,0.094649,1.139676,1.682377,775,810,10.2606
1,207,5.106,0.540386,-3.119550,0.289616,-2.289548,0.494604,0.285412,0.216151,0.014839,0.094880,1.140450,1.687455,775,840,10.3677
1,208,5.142,0.574973,-3.159180,0.281958,-2.302249,0.505552,0.105523,0.331482,0.022663,0.095097,1.140894,1.692346,585,640,10.1350
1,209,5.176,0.557259,-3.122067,0.299590,-2.265218,0.499580,0.108281,0.157760,0.020388,0.095318,1.141810,1.697770,670,715,10.0985
1,210,5.212,0.504980,-3.125126,0.282990,-2.337157,0.490552,0.077302,0.093574,0.014580,0.095547,1.141850,1.703825,690,720,10.1841
1,211,5.250,0.434814,-3.138989,0.281970,-2.422205,0.512053,0.188301,0.220438,0.015105,0.095760,1.141707,1.710565,635,685,10.8315
1,212,5.283,0.577511,-3.076729,0.280907,-2.218311,0.467697,0.162948,0.053037,0.028939,0.095980,1.141730,1.717432,720,780,10.7958
1,213,5.317,0.399341,-3.132117,0.288151,-2.444625,0.469408,0.112916,0.139048,0.014226,0.096206,1.142038,1.724130,710,760,10.8282
1,214,5.349,0.484349,-3.070505,0.297251,-2.288905,0.457545,0.125124,0.139257,0.024726,0.096433,1.142089,1.730141,560,630,10.8804
1,215,5.382,0.604148,-3.110008,0.303355,-2.202506,0.479020,0.169326,0.055256,0.021159,0.096650,1.142371,1.736651,635,685,10.6079
1,216,5.415,0.524757,-3.143874,0.296433,-2.322684,0.432630,0.151398,0.078817,0.025684,0.096874,1.143586,1.744060,595,620,10.1597
1,217,5.448,0.449911,-3.136951,0.284614,-2.402426,0.446931,0.176431,0.239641,0.012416,0.097102,1.143768,1.750719,575,640,10.3061
1,218,5.487,0.418876,-3.108987,0.286531,-2.403581,0.468936,0.123830,0.267434,0.013955,0.097344,1.141877,1.756855,470,500,10.8957
1,219,5.523,0.497457,-3.145443,0.293123,-2.354863,0.510825,0.250463,0.206644,0.019506,0.097582,1.142747,1.764064,425,465,11.2447
1,220,5.558,0.464081,-3.126880,0.285189,-2.377609,0.515074,0.304118,0.181582,0.029528,0.097798,1.143482,1.771224,525,585,11.2743
1,221,5.595,0.451127,-3.136325,0.275294,-2.409904,0.482562,0.209944,0.298467,0.045204,0.098001,1.144357,1.777477,555,585,11.5459
1,222,5.630,0.391491,-3.096353,0.273991,-2.430871,0.521926,0.336007,0.307190,0.045227,0.098180,1.145657,1.782950,575,600,11.2400
1,223,5.671,0.418261,-3.132642,0.283563,-2.430818,0.496651,0.256604,0.115235,0.019782,0.098343,1.147157,1.787955,755,790,11.1616
1,224,5.706,0.408527,-3.059561,0.277080,-2.373955,0.469711,0.228266,0.211779,0.027764,0.098495,1.147265,1.793027,600,680,10.7517
1,225,5.748,0.371356,-3.035667,0.279977,-2.384334,0.448092,0.484784,0.345763,0.025375,0.098649,1.147254,1.797660,685,750,10.8599
1,226,5.784,0.561907,-3.071345,0.287752,-2.221687,0.464028,0.255623,0.138285,0.025003,0.098805,1.148540,1.802744,660,705,10.6606
1,227,5.819,0.440923,-3.159528,0.285537,-2.433068,0.463032,0.203128,0.198389,0.029928,0.098964,1.149160,1.807208,600,655,11.5383
1,228,5.857,0.505099,-3.183309,0.281361,-2.396848,0.498202,0.280163,0.352296,0.040156,0.099125,1.151270,1.811591,600,635,10.4283
1,229,5.896,0.480585,-3.140485,0.280522,-2.379378,0.471720,0.179587,0.250163,0.023572,0.099306,1.150297,1.815263,630,670,10.1952
1,230,5.932,0.537851,-3.068669,0.273361,-2.257456,0.451781,0.070683,0.094155,0.015825,0.099466,1.151307,1.819737,645,695,10.8295
1,231,5.969,0.503669,-3.208666,0.266155,-2.438842,0.479493,0.124785,0.070982,0.016527,0.099616,1.153097,1.824460,580,610,11.1638
1,232,6.011,0.522634,-3.136334,0.271823,-2.341877,0.482298,0.264643,0.279928,0.018588,0.099784,1.152188,1.829408,690,770,10.5507
1,233,6.053,0.502046,-3.119597,0.275666,-2.341885,0.428576,0.173071,0.185525,0.014871,0.099954,1.155205,1.835014,805,850,10.8398
1,234,6.089,0.504527,-3.049594,0.270067,-2.275000,0.425194,0.259129,0.128683,0.025008,0.100118,1.156592,1.840922,755,820,10.9881
1,235,6.131,0.452477,-3.154677,0.278720,-2.423480,0.460566,0.144522,0.192596,0.046493,0.100264,1.157659,1.847004,795,855,11.0365
1,236,6.171,0.395453,-3.197574,0.270134,-2.531987,0.484779,0.062730,0.142243,0.073305,0.100416,1.157427,1.853570,560,605,11.7500
1,237,6.212,0.443381,-3.094398,0.265463,-2.385554,0.467516,0.155071,0.220717,0.050213,0.100579,1.159097,1.859359,705,775,10.6766
1,238,6.251,0.453792,-3.075480,0.269350,-2.352339,0.462535,0.178224,0.118659,0.039889,0.100752,1.161485,1.865259,750,780,11.0093
1,239,6.288,0.347362,-3.084489,0.269340,-2.467787,0.442254,0.181963,0.123757,0.028553,0.100933,1.163836,1.870791,750,810,10.7533
1,240,6.326,0.391952,-3.138140,0.261771,-2.484417,0.432520,0.213523,0.349096,0.011021,0.101112,1.165422,1.875975,605,640,11.2446
1,241,6.367,0.477790,-3.091822,0.274137,-2.339895,0.472374,0.125065,0.307706,0.026582,0.101286,1.164833,1.880663,695,780,11.8978
1,242,6.403,0.530639,-3.099870,0.295988,-2.273244,0.445220,0.104398,0.156183,0.093584,0.101435,1.164544,1.884806,745,825,10.8886
1,243,6.443,0.443687,-3.131642,0.285054,-2.402901,0.415147,0.151948,0.252057,0.064352,0.101582,1.163891,1.888422,750,815,10.8880
1,244,6.480,0.437084,-3.189424,0.286349,-2.465991,0.480267,0.166405,0.099568,0.049563,0.101705,1.161316,1.891500,740,800,11.0811
1,245,6.516,0.503786,-3.100069,0.285289,-2.310993,0.508236,0.212333,0.198710,0.049102,0.101826,1.161605,1.894301,655,710,11.4046
1,246,6.552,0.423835,-3.162366,0.253104,-2.485427,0.489352,0.226603,0.319104,0.033525,0.101938,1.162566,1.897040,615,690,11.2033
1,247,6.591,0.359032,-3.117609,0.261157,-2.497419,0.497608,0.144312,0.248621,0.022714,0.102032,1.162747,1.899423,605,665,11.7355
1,248,6.627,0.380062,-3.156507,0.246310,-2.530135,0.490957,0.328019,0.193128,0.044349,0.102141,1.164880,1.901742,605,670,11.5322
1,249,6.670,0.448288,-3.145346,0.275314,-2.421743,0.470305,0.283218,0.121433,0.013293,0.102255,1.164965,1.903931,730,785,11.3493
1,250,6.708,0.389722,-3.143533,0.265223,-2.488588,0.495759,0.182068,0.110919,0.035481,0.102373,1.165682,1.905391,505,540,10.8178
1,251,6.747,0.457577,-3.070514,0.267916,-2.345022,0.461404,0.119026,0.122688,0.035227,0.102488,1.165987,1.906886,765,820,10.9869
1,252,6.785,0.408622,-3.086642,0.261708,-2.416312,0.440854,0.165609,0.132248,0.032427,0.102620,1.165146,1.908492,785,815,10.6306
1,253,6.827,0.498435,-3.068846,0.280671,-2.289740,0.425775,0.233553,0.250406,0.032909,0.102747,1.168086,1.909960,685,750,10.5781
1,254,6.865,0.352275,-3.112302,0.277240,-2.482787,0.437063,0.282121,0.269235,0.020126,0.102855,1.169639,1.911541,660,730,11.2470
1,255,6.902,0.501757,-3.064305,0.293106,-2.269443,0.451527,0.116584,0.110790,0.042840,0.102986,1.168153,1.912947,715,770,10.0965
1,256,6.962,0.565123,-3.126629,0.271890,-2.289617,0.458692,0.122781,0.228350,0.018632,0.103146,1.169987,1.915947,700,765,10.5657
1,257,7.007,0.536569,-3.089251,0.264811,-2.287872,0.429661,0.263195,0.177840,0.022711,0.103307,1.171649,1.918536,785,870,10.1694
1,258,7.044,0.428909,-3.126028,0.288773,-2.408346,0.483486,0.336316,0.157438,0.057938,0.103478,1.171567,1.920828,685,760,10.4774
1,259,7.081,0.398199,-3.117395,0.294951,-2.424245,0.470093,0.149824,0.195044,0.043832,0.103631,1.170663,1.923243,645,700,11.3814
1,260,7.126,0.561465,-3.100978,0.295625,-2.243888,0.452939,0.207056,0.293546,0.053077,0.103794,1.171623,1.925093,685,720,11.4818
1,261,7.169,0.525535,-3.127370,0.282711,-2.319124,0.459984,0.320949,0.156086,0.033941,0.103966,1.171279,1.926647,710,765,10.6535
1,262,7.206,0.439172,-3.119526,0.274520,-2.405834,0.455805,0.139437,0.275494,0.021136,0.104126,1.171626,1.928043,630,660,11.9698
1,263,7.244,0.606574,-3.226336,0.300299,-2.319463,0.460342,0.139825,0.172367,0.029125,0.104274,1.174727,1.928872,720,805,10.3514
1,264,7.287,0.521637,-3.188314,0.289073,-2.377604,0.450997,0.321237,0.430153,0.017146,0.104434,1.174349,1.929621,710,755,10.1563
1,265,7.329,0.628410,-3.094782,0.293403,-2.172969,0.464313,0.144138,0.195850,0.018043,0.104601,1.171596,1.930665,775,815,10.9174
1,266,7.367,0.567320,-3.111235,0.285619,-2.258296,0.481946,0.094707,0.138356,0.031881,0.104785,1.177011,1.931269,660,695,10.8636
1,267,7.407,0.493118,-3.149477,0.281580,-2.374779,0.455405,0.161773,0.073199,0.045873,0.104968,1.180696,1.931963,635,670,10.8315
1,268,7.450,0.520998,-3.162276,0.293114,-2.348163,0.470875,0.148004,0.151800,0.030205,0.105144,1.179468,1.932335,570,610,11.7596
1,269,7.488,0.447941,-3.137219,0.297603,-2.391676,0.464370,0.143743,0.090475,0.066100,0.105322,1.181503,1.932334,640,675,11.3297
1,270,7.527,0.564981,-3.145443,0.296467,-2.283996,0.461907,0.150723,0.199409,0.048108,0.105495,1.183720,1.932384,570,660,12.0860
1,271,7.566,0.513741,-3.161793,0.290072,-2.357981,0.475343,0.165300,0.118983,0.027749,0.105664,1.183354,1.932162,690,720,11.3029
1,272,7.605,0.398652,-3.125404,0.283060,-2.443693,0.472348,0.167843,0.205892,0.041976,0.105829,1.185806,1.931201,630,690,10.5460
1,273,7.647,0.510226,-3.198508,0.267092,-2.421190,0.432199,0.130897,0.220291,0.038667,0.105984,1.188499,1.930566,675,710,11.3467
1,274,7.692,0.540912,-3.143682,0.287235,-2.315536,0.454266,0.138283,0.184714,0.021576,0.106147,1.189840,1.930807,620,675,11.4661
1,275,7.730,0.500487,-3.164018,0.279273,-2.384257,0.462285,0.087070,0.236061,0.025256,0.106284,1.190575,1.930949,590,650,11.6390
1,276,7.769,0.399280,-3.135305,0.279830,-2.456195,0.469294,0.174700,0.181670,0.027370,0.106435,1.191903,1.931288,600,640,11.7367
1,277,7.813,0.578016,-3.197098,0.283262,-2.335819,0.463770,0.150678,0.125212,0.036778,0.106584,1.191414,1.931763,610,660,11.2000
1,278,7.853,0.608335,-3.136952,0.280454,-2.248164,0.444258,0.172939,0.111274,0.032270,0.106731,1.190626,1.932046,615,670,10.8976
1,279,7.893,0.647015,-3.094360,0.291125,-2.156219,0.452513,0.100809,0.137027,0.037860,0.106893,1.191581,1.932188,680,730,10.1500
1,280,7.938,0.484829,-3.158244,0.280435,-2.392981,0.435500,0.210224,0.201791,0.027288,0.107054,1.191729,1.933638,560,610,12.0750
1,281,7.986,0.544264,-3.122693,0.280800,-2.297630,0.444625,0.213174,0.112224,0.023020,0.107199,1.191273,1.935584,720,770,11.4556
1,282,8.027,0.562043,-3.168508,0.280802,-2.325662,0.448160,0.300620,0.135430,0.031480,0.107353,1.193090,1.937772,770,845,11.6558
1,283,8.071,0.573128,-3.080053,0.288994,-2.217932,0.443882,0.149375,0.099715,0.019541,0.107515,1.194321,1.940656,740,805,11.8081
1,284,8.117,0.645095,-3.123880,0.282697,-2.196088,0.469631,0.149907,0.147365,0.027841,0.107681,1.194831,1.943945,615,675,10.8748
1,285,8.160,0.532133,-3.125950,0.277828,-2.315989,0.442319,0.178868,0.148673,0.026547,0.107826,1.194330,1.947240,680,725,11.1456
1,286,8.204,0.543120,-3.150048,0.274435,-2.332493,0.429582,0.171351,0.137535,0.047369,0.107976,1.189291,1.950249,685,735,11.2861
1,287,8.247,0.577883,-3.103580,0.298610,-2.227087,0.409169,0.136322,0.129915,0.033275,0.108126,1.189593,1.953364,880,940,11.0477
1,288,8.286,0.538232,-3.161710,0.275971,-2.347507,0.479276,0.343177,0.229357,0.054708,0.108257,1.188205,1.956986,615,680,11.3561
1,289,8.327,0.606805,-3.178977,0.288109,-2.284063,0.466204,0.143425,0.165944,0.033239,0.108379,1.188848,1.960554,620,680,11.6145
1,290,8.370,0.543528,-3.192670,0.281949,-2.367193,0.459497,0.288156,0.465841,0.022414,0.108520,1.189631,1.963784,770,825,11.1052
1,291,8.411,0.590403,-3.114547,0.280547,-2.243598,0.454534,0.113721,0.180512,0.017241,0.108643,1.189305,1.966864,625,655,11.4304
1,292,8.451,0.536751,-3.154429,0.271716,-2.345962,0.443634,0.197369,0.143428,0.029968,0.108789,1.190918,1.969860,605,655,10.9041
1,293,8.498,0.472154,-3.168188,0.272877,-2.423157,0.456813,0.119396,0.277382,0.027909,0.108948,1.191554,1.972321,775,880,11.4297
1,294,8.538,0.580074,-3.182747,0.280720,-2.321954,0.455254,0.129438,0.269939,0.017969,0.109107,1.191968,1.975066,635,695,11.9213
1,295,8.579,0.561172,-3.234139,0.292031,-2.380935,0.462901,0.251807,0.279805,0.035235,0.109263,1.192013,1.977373,730,790,11.2877
1,296,8.626,0.570518,-3.182032,0.311700,-2.299814,0.473515,0.168427,0.224979,0.079258,0.109421,1.190814,1.979293,620,720,11.2274
1,297,8.669,0.547912,-3.207255,0.292636,-2.366707,0.457502,0.152360,0.291146,0.040369,0.109597,1.189932,1.981751,725,800,11.1062
1,298,8.712,0.554593,-3.269579,0.279175,-2.435812,0.426378,0.185097,0.291486,0.021034,0.109777,1.194489,1.983711,685,740,11.0788
1,299,8.756,0.515246,-3.212881,0.272741,-2.424895,0.418362,0.223985,0.433114,0.021505,0.109945,1.199675,1.985540,705,755,11.1603
1,300,8.798,0.570649,-3.316529,0.281586,-2.464294,0.471500,0.281118,0.266750,0.021978,0.110128,1.202305,1.987831,595,660,11.0622
1,301,8.839,0.511494,-3.358591,0.275379,-2.571718,0.499716,0.315152,0.263441,0.050116,0.110320,1.206474,1.989926,530,560,11.0943
1,302,8.885,0.602804,-3.198703,0.273846,-2.322053,0.475628,0.241693,0.392899,0.030363,0.110502,1.208774,1.991742,605,620,12.2612
1,303,8.927,0.394689,-3.292626,0.287672,-2.610265,0.467993,0.236641,0.310157,0.017125,0.110697,1.210816,1.993430,685,750,11.7343
1,304,8.972,0.512024,-3.378526,0.278494,-2.588008,0.505615,0.370297,0.422657,0.027710,0.110892,1.211086,1.994739,675,720,11.8637
1,305,9.015,0.582237,-3.371198,0.270343,-2.518618,0.507524,0.182423,0.435066,0.035993,0.111105,1.216455,1.995827,605,640,12.0909
1,306,9.061,0.710762,-3.463774,0.272640,-2.480372,0.534776,0.233464,0.586051,0.031791,0.111324,1.219836,1.997078,640,695,11.3797
1,307,9.107,0.632807,-3.438428,0.263593,-2.542027,0.543143,0.316487,0.572162,0.035535,0.111538,1.222930,1.997605,675,730,11.3733
1,308,9.151,0.535303,-3.588325,0.266813,-2.786209,0.598165,0.276952,0.843791,0.038400,0.111738,1.225861,1.998000,710,740,11.2859
1,309,9.199,0.694296,-3.523693,0.278912,-2.550485,0.578350,0.370907,0.670622,0.005168,0.111944,1.227415,1.998444,740,815,11.1108
1,310,9.247,0.806671,-3.603951,0.306643,-2.490636,0.643273,0.312974,0.927803,0.054035,0.112153,1.229026,1.999076,770,850,10.5688
1,311,9.291,0.800382,-3.593338,0.288349,-2.504606,0.665645,0.295896,0.699605,0.043409,0.112386,1.229839,1.999905,750,800,11.0280
1,312,9.338,0.728797,-3.687181,0.309110,-2.649274,0.645774,0.443634,0.832816,0.077711,0.112658,1.232263,2.001277,715,760,10.8867
1,313,9.382,0.676346,-3.604972,0.298518,-2.630108,0.634121,0.504039,0.414920,0.042001,0.112936,1.234254,2.002509,710,775,11.0592
1,314,9.424,0.797139,-3.638731,0.300064,-2.541528,0.582235,0.383047,0.804321,0.050819,0.113222,1.235322,2.003583,775,830,10.8245
1,315,9.472,0.806875,-3.606969,0.292244,-2.507850,0.587357,0.339468,0.581931,0.035768,0.113508,1.237554,2.004630,770,830,11.3247
1,316,9.515,0.759312,-3.716041,0.294510,-2.662218,0.610885,0.425485,0.662782,0.020422,0.113790,1.243914,2.005347,750,810,10.3080
1,317,9.560,0.752801,-3.730639,0.266103,-2.711735,0.644133,0.924686,0.935674,0.063858,0.114066,1.250868,2.005868,695,745,11.2806
1,318,9.607,0.846953,-3.792968,0.288140,-2.657875,0.618039,0.502034,0.996411,0.081517,0.114370,1.258332,2.006160,660,710,11.3576
1,319,9.649,0.753572,-3.882399,0.277860,-2.850967,0.626572,0.784765,0.384882,0.050529,0.114668,1.260967,2.006284,680,735,11.4191
1,320,9.696,0.736872,-4.067460,0.285174,-3.045413,0.755955,0.734922,0.691697,0.035523,0.114957,1.263194,2.006132,695,745,11.6173
1,321,9.742,0.817894,-4.091352,0.286139,-2.987319,0.801671,1.444803,0.585602,0.034652,0.115245,1.266725,2.005787,690,725,11.0261
1,322,9.785,0.780060,-4.077722,0.285346,-3.012316,0.831650,1.723371,0.817718,0.036964,0.115517,1.268276,2.005318,765,835,11.2523
1,323,9.833,0.804623,-4.179327,0.286024,-3.088681,0.968400,1.466109,0.906120,0.023042,0.115768,1.270679,2.004863,740,795,11.7378
1,324,9.880,0.880160,-4.198905,0.274106,-3.044638,0.994696,1.916769,0.588409,0.025974,0.116049,1.273771,2.006047,625,670,11.9376
1,325,9.927,0.883731,-4.131435,0.284189,-2.963515,0.927049,0.997475,0.720887,0.029292,0.116342,1.277283,2.008482,590,640,12.2847
1,326,9.970,0.875948,-4.148172,0.276228,-2.995995,0.964716,2.223252,1.529195,0.040798,0.116655,1.279031,2.010777,600,620,11.9233
1,327,10.013,0.855301,-4.125547,0.277672,-2.992575,0.897369,0.683049,0.482966,0.031147,0.116967,1.280362,2.012884,520,545,12.3981
1,328,10.063,0.781768,-4.227655,0.278161,-3.167726,0.945953,1.626566,0.953837,0.020124,0.117283,1.279334,2.014857,730,785,11.6370
1,329,10.108,0.689459,-4.236417,0.277258,-3.269700,0.949376,0.890123,0.936322,0.025230,0.117607,1.280604,2.016597,655,695,12.6122
1,330,10.161,0.747314,-4.283910,0.287548,-3.249048,0.948990,0.831071,0.671907,0.042084,0.117918,1.282939,2.017998,570,670,10.8667
1,331,10.206,0.778068,-4.208888,0.283469,-3.147351,0.949198,0.452544,0.616698,0.023629,0.118207,1.286615,2.019084,635,710,11.7732
1,332,10.251,0.851694,-4.253724,0.285259,-3.116771,0.856812,0.584072,0.598632,0.022583,0.118511,1.290568,2.019828,665,755,11.2737
1,333,10.298,0.827337,-4.224062,0.283977,-3.112748,0.868209,0.353609,0.493692,0.009047,0.118825,1.292332,2.020292,750,845,11.1253
1,334,10.344,0.777469,-4.354371,0.278734,-3.298169,0.952475,0.454736,0.506671,0.018029,0.119174,1.293704,2.020527,755,820,11.9007
1,335,10.391,0.840850,-4.308833,0.274918,-3.193065,0.951118,0.394805,0.354197,0.026212,0.119537,1.295261,2.020501,825,870,11.5042
1,336,10.439,0.781326,-4.357456,0.278752,-3.297378,0.934212,0.562317,0.543481,0.031536,0.119903,1.296098,2.020286,785,875,11.4701
1,337,10.490,0.785258,-4.268051,0.291821,-3.190971,0.895936,0.511110,0.758201,0.048982,0.120264,1.296142,2.019965,735,790,11.7483
1,338,10.539,0.848417,-4.266944,0.278448,-3.140079,0.876454,0.934960,0.356942,0.053288,0.120629,1.296421,2.019443,710,770,11.6915
1,339,10.588,0.692505,-4.341406,0.279613,-3.369289,0.897150,0.812858,0.753939,0.030341,0.121017,1.295803,2.018841,725,815,11.9655
1,340,10.640,0.728009,-4.360635,0.285225,-3.347400,0.915254,0.365786,0.322031,0.031350,0.121425,1.295147,2.018099,750,825,11.8187
1,341,10.695,0.799584,-4.382907,0.296719,-3.286604,0.989222,0.815980,0.658720,0.017223,0.121842,1.295054,2.017556,550,635,11.0055
1,342,10.740,0.786006,-4.347855,0.287799,-3.274050,0.932209,0.495155,0.449006,0.015618,0.122273,1.295463,2.017234,695,755,11.3885
1,343,10.789,0.793052,-4.316755,0.280948,-3.242755,0.934404,0.379859,0.466378,0.011743,0.122691,1.295570,2.016798,815,890,10.8258
1,344,10.835,0.803352,-4.273650,0.280423,-3.189876,0.905709,0.395763,0.593756,0.014639,0.123106,1.295115,2.016427,725,770,11.2262
1,345,10.885,0.844696,-4.293062,0.277346,-3.171020,0.909718,0.438225,0.515844,0.034965,0.123520,1.294804,2.015865,610,640,12.3246
1,346,10.936,0.832987,-4.345342,0.267084,-3.245271,0.953325,0.316635,0.413696,0.031686,0.123931,1.295029,2.015148,590,650,11.9271
1,347,10.986,0.800844,-4.451807,0.276680,-3.374283,0.942885,0.346329,0.560246,0.025970,0.124331,1.296216,2.014320,650,670,10.9862
1,348,11.034,0.751792,-4.305625,0.275087,-3.278747,0.904728,0.372215,0.692086,0.024147,0.124705,1.297604,2.013529,715,735,11.6601
1,349,11.085,0.727214,-4.289114,0.279085,-3.282815,0.864014,0.305925,0.324460,0.033521,0.125085,1.298310,2.012556,665,720,11.4211
1,350,11.136,1.025876,-4.399468,0.289582,-3.084011,0.862507,0.422164,0.551708,0.050504,0.125467,1.298479,2.011515,530,570,11.8943
1,351,11.182,0.854886,-4.372512,0.279852,-3.237775,0.913448,0.595206,0.338753,0.035255,0.125849,1.298656,2.010467,595,640,11.8151
1,352,11.231,0.776239,-4.351237,0.272349,-3.302649,0.892617,0.404612,0.441329,0.028058,0.126236,1.299635,2.009293,605,620,12.3240
1,353,11.281,0.768753,-4.385838,0.284547,-3.332538,0.864351,0.573332,0.394459,0.022376,0.126594,1.299663,2.008185,840,895,11.3488
1,354,11.327,0.630437,-4.334120,0.279468,-3.424215,0.906403,0.878313,0.427388,0.037686,0.126936,1.298876,2.006961,635,680,12.4142
1,355,11.379,0.658132,-4.330535,0.271187,-3.401217,0.928196,0.421235,0.459312,0.056316,0.127273,1.299287,2.005654,680,740,11.7882
1,356,11.426,0.748631,-4.344399,0.264773,-3.330996,0.885753,0.683334,0.546447,0.045922,0.127597,1.299181,2.004510,625,670,11.9600
1,357,11.473,0.637398,-4.369349,0.261785,-3.470167,0.833821,0.525603,0.450279,0.043692,0.127917,1.299301,2.003277,715,760,11.6909
1,358,11.523,0.649896,-4.345510,0.271604,-3.424010,0.851089,0.597458,0.891448,0.039960,0.128229,1.299266,2.002580,580,600,13.0276
1,359,11.570,0.724610,-4.374154,0.285818,-3.363726,0.819910,0.697187,0.484278,0.019788,0.128531,1.299656,2.001693,785,825,12.1975
1,360,11.622,0.764762,-4.343709,0.299855,-3.279092,0.866679,0.490582,0.514136,0.042516,0.128830,1.299964,2.000730,685,750,11.3036
1,361,11.670,0.704394,-4.351091,0.282182,-3.364515,0.797815,0.420684,1.099117,0.012067,0.129122,1.299446,1.999750,895,965,11.3173
1,362,11.722,0.756516,-4.371407,0.281690,-3.333200,0.796983,0.382429,0.385359,0.039209,0.129412,1.298683,1.998761,740,775,11.6878
1,363,11.775,0.790382,-4.440570,0.291911,-3.358277,0.846457,0.345868,0.440762,0.019651,0.129689,1.298256,1.997736,785,840,10.8688
1,364,11.825,0.689107,-4.405663,0.280251,-3.436306,0.833684,0.372799,0.452088,0.045904,0.129964,1.297669,1.996887,730,800,12.1493
1,365,11.873,0.782718,-4.362616,0.277402,-3.302495,0.770262,0.340110,0.494245,0.019165,0.130238,1.298974,1.996161,765,845,11.5046
1,366,11.920,0.767018,-4.452438,0.289511,-3.395910,0.828399,0.644110,0.311191,0.034044,0.130530,1.297913,1.995521,820,875,11.6488
1,367,11.973,0.726181,-4.368947,0.276781,-3.365985,0.827950,0.593278,0.459719,0.014504,0.130847,1.296826,1.994829,855,930,10.9754
1,368,12.026,0.699611,-4.384496,0.275663,-3.409222,0.808442,0.479812,0.361039,0.027308,0.131171,1.295949,1.994184,840,875,11.7631
1,369,12.080,0.633463,-4.610799,0.279996,-3.697339,0.872853,0.452829,0.311398,0.012037,0.131501,1.295351,1.993126,900,965,11.5844
1,370,12.136,0.652627,-4.409833,0.275822,-3.481384,0.841594,0.536875,0.407658,0.018431,0.131828,1.295168,1.992101,785,835,11.8153
1,371,12.184,0.779697,-4.512907,0.278405,-3.454804,0.892573,0.416979,0.297865,0.031508,0.132134,1.295210,1.990915,705,740,12.2241
1,372,12.238,0.646432,-4.372114,0.271662,-3.454020,0.852975,0.449364,0.474318,0.022567,0.132430,1.295336,1.989542,790,840,12.3835
1,373,12.286,0.557462,-4.404652,0.276983,-3.570208,0.847115,0.357203,0.370115,0.039271,0.132718,1.295951,1.988121,740,795,11.6405
1,374,12.345,0.698790,-4.436754,0.283873,-3.454091,0.886144,0.516104,0.289720,0.024246,0.133004,1.294865,1.987163,790,845,11.7848
1,375,12.392,0.812371,-4.438201,0.306920,-3.318911,0.821777,0.398550,0.389551,0.054442,0.133285,1.293812,1.986333,620,655,11.5613
1,376,12.443,0.777033,-4.442749,0.289191,-3.376525,0.825168,0.341852,0.439099,0.027948,0.133567,1.293087,1.986302,680,735,11.8485
1,377,12.495,0.770127,-4.433006,0.282426,-3.380454,0.835688,0.340850,0.482000,0.023618,0.133835,1.292686,1.986451,660,680,12.7182
1,378,12.545,0.850557,-4.331431,0.287144,-3.193730,0.786985,0.603208,0.378838,0.037030,0.134090,1.292177,1.986860,620,660,12.7113
1,379,12.599,0.681222,-4.429593,0.270671,-3.477700,0.796836,0.657509,0.531567,0.049579,0.134350,1.291979,1.987011,655,690,11.6198
1,380,12.648,0.771030,-4.354905,0.284322,-3.299552,0.772261,0.349292,0.296813,0.064344,0.134581,1.290930,1.986807,540,575,11.8889
1,381,12.697,0.742475,-4.425969,0.279873,-3.403621,0.836251,0.530956,0.403160,0.037641,0.134816,1.291783,1.985721,640,680,11.6859
1,382,12.749,0.775755,-4.479037,0.287982,-3.415300,0.848361,0.579351,0.467968,0.038473,0.135040,1.292809,1.984752,590,610,12.1831
1,383,12.803,0.765531,-4.462711,0.289651,-3.407529,0.838846,0.425106,0.427365,0.019931,0.135260,1.292217,1.984250,605,680,11.2744
1,384,12.851,0.718865,-4.383620,0.272211,-3.392545,0.796569,0.604143,0.439601,0.022708,0.135482,1.291206,1.983450,705,730,12.7489
1,385,12.904,0.732294,-4.580884,0.271419,-3.577171,0.862901,0.389477,0.577633,0.023332,0.135685,1.290374,1.982877,650,685,11.8338
1,386,12.955,0.787420,-4.443337,0.257147,-3.398770,0.858710,0.320167,0.477885,0.030368,0.135896,1.290158,1.981997,630,670,12.7444
1,387,13.003,0.785522,-4.505076,0.277897,-3.441657,0.837735,0.544564,0.346838,0.028966,0.136103,1.291656,1.981565,540,580,11.8204
1,388,13.055,0.669432,-4.496690,0.282552,-3.544706,0.845358,0.472709,0.414128,0.060393,0.136287,1.294042,1.982020,615,665,11.6553
1,389,13.104,0.702775,-4.427618,0.272564,-3.452279,0.822789,0.252027,0.408405,0.033298,0.136477,1.291974,1.982490,570,610,12.0825
1,390,13.161,0.709733,-4.575031,0.277535,-3.587763,0.851881,0.173379,0.414905,0.047553,0.136685,1.291469,1.983013,650,725,12.3200
1,391,13.211,0.760503,-4.439851,0.284319,-3.395029,0.800637,0.566902,0.269962,0.056038,0.136885,1.291565,1.983541,695,745,11.9871
1,392,13.260,0.738664,-4.609139,0.286755,-3.583721,0.802899,0.335644,0.282970,0.026372,0.137088,1.291430,1.984340,740,795,11.9068
1,393,13.309,0.758120,-4.567772,0.271728,-3.537924,0.818583,0.327612,0.409914,0.069974,0.137293,1.291837,1.984963,685,730,12.4190
1,394,13.358,0.797987,-4.505217,0.315886,-3.391345,0.827712,0.420345,0.173687,0.074091,0.137509,1.292072,1.985834,805,845,11.8981
1,395,13.407,0.752142,-4.530604,0.291733,-3.486729,0.838618,0.732122,0.271183,0.077640,0.137720,1.292217,1.986367,650,675,12.1569
1,396,13.463,0.762705,-4.620380,0.292406,-3.565269,0.813963,0.503593,0.394908,0.039035,0.137923,1.292951,1.986977,765,815,11.8601
1,397,13.516,0.699468,-4.547750,0.284576,-3.563707,0.763588,0.345646,0.341156,0.062311,0.138127,1.293669,1.987284,615,675,11.8211
1,398,13.571,0.693207,-4.622813,0.273569,-3.656037,0.829497,0.719050,0.356781,0.014593,0.138326,1.293997,1.987454,700,755,12.2743
1,399,13.622,0.616377,-4.644256,0.261668,-3.766211,0.782996,0.492009,0.383116,0.026980,0.138517,1.292865,1.987447,720,780,11.8583
1,400,13.674,0.673523,-4.577560,0.274422,-3.629616,0.840852,0.623483,0.556568,0.026568,0.138697,1.291407,1.987292,585,660,11.8752
1,401,13.728,0.712963,-4.573908,0.285679,-3.575267,0.811226,0.299157,0.562557,0.043717,0.138869,1.289847,1.987112,560,605,12.6161
1,402,13.780,0.706968,-4.707625,0.277273,-3.723384,0.833957,0.547253,0.407770,0.044578,0.139040,1.289116,1.987901,640,675,11.8187
1,403,13.830,0.734306,-4.687837,0.282374,-3.671157,0.774811,0.262607,0.391258,0.032593,0.139204,1.288791,1.988477,795,835,11.9082
1,404,13.885,0.777272,-4.739562,0.270522,-3.691767,0.809475,0.314075,0.491724,0.021774,0.139357,1.287899,1.988235,715,745,12.0210
1,405,13.936,0.753712,-4.645701,0.270915,-3.621074,0.791995,0.705846,0.374115,0.033590,0.139507,1.285213,1.987609,800,830,12.2837
1,406,13.989,0.694024,-4.752036,0.266258,-3.791754,0.804144,0.341978,0.281485,0.044210,0.139642,1.284163,1.987318,580,615,12.2966
1,407,14.042,0.720175,-4.790408,0.279539,-3.790694,0.797170,0.300390,0.601608,0.018774,0.139787,1.287127,1.987370,745,795,12.4980
1,408,14.095,0.616728,-4.770224,0.268291,-3.885205,0.873706,0.453829,0.349690,0.037795,0.139935,1.286205,1.987144,615,650,12.4341
1,409,14.151,0.788832,-4.691255,0.281379,-3.621044,0.855839,0.409160,0.435903,0.037114,0.140095,1.283821,1.986912,710,750,12.8239
1,410,14.203,0.809414,-4.820772,0.289863,-3.721495,0.842085,0.371719,0.367312,0.062621,0.140251,1.283363,1.986983,685,725,13.1533
1,411,14.256,0.793732,-4.678448,0.279842,-3.604874,0.802031,0.450126,0.283930,0.036954,0.140424,1.285395,1.987442,610,640,11.9279
1,412,14.309,0.766601,-4.776333,0.266222,-3.743510,0.862196,0.387127,0.290862,0.025169,0.140592,1.286588,1.988514,715,750,12.4294
1,413,14.366,0.694115,-4.648777,0.275396,-3.679265,0.824439,0.362534,0.438066,0.027929,0.140743,1.286348,1.989214,725,755,12.6524
1,414,14.420,0.696928,-4.766735,0.264650,-3.805158,0.876352,0.371120,0.309462,0.031210,0.140889,1.286197,1.990150,655,685,13.1176
1,415,14.471,0.683980,-4.791584,0.260810,-3.846795,0.838480,0.308575,0.372147,0.030407,0.141030,1.285933,1.990784,710,770,12.5352
1,416,14.527,0.701641,-4.680637,0.249666,-3.729330,0.859192,0.374653,0.431770,0.040849,0.141180,1.285086,1.992524,675,690,12.3511
1,417,14.584,0.744105,-4.804630,0.248974,-3.811550,0.831136,0.490253,0.261174,0.033959,0.141333,1.284334,1.994737,680,700,12.5618
1,418,14.639,0.801637,-4.748795,0.282273,-3.664885,0.799968,0.388041,0.515413,0.055417,0.141481,1.283824,1.997050,625,655,12.3216
1,419,14.695,0.795564,-4.771875,0.283769,-3.692542,0.827107,0.497127,0.454932,0.034072,0.141642,1.283180,1.999250,630,700,12.2492
1,420,14.751,0.785549,-4.772406,0.266871,-3.719986,0.790098,0.690697,0.602844,0.021758,0.141811,1.282214,2.001829,695,740,12.2201
1,421,14.803,0.770925,-4.824924,0.265684,-3.788315,0.810859,0.580094,0.690091,0.027178,0.141985,1.279357,2.004215,645,685,12.7845
1,422,14.862,0.712651,-4.740132,0.266479,-3.761002,0.768966,0.450602,0.438523,0.039121,0.142150,1.278971,2.006215,730,780,12.3233
1,423,14.914,0.726421,-4.790864,0.272895,-3.791547,0.816284,0.664573,0.392188,0.033924,0.142318,1.278254,2.008757,710,765,12.0592
1,424,14.972,0.645533,-4.778996,0.274088,-3.859374,0.816858,0.448049,0.417503,0.029577,0.142479,1.279073,2.011513,755,800,11.8000
1,425,15.024,0.602958,-4.789394,0.262231,-3.924206,0.822787,0.653747,0.391468,0.025190,0.142619,1.279404,2.013603,725,760,12.2359
1,426,15.076,0.724728,-4.861385,0.269701,-3.866956,0.807109,0.493526,0.423900,0.021720,0.142744,1.281036,2.014974,720,745,12.2056
1,427,15.145,0.739946,-4.739543,0.272576,-3.727021,0.770601,0.496228,0.299258,0.025248,0.142859,1.282117,2.016779,725,770,12.3545
1,428,15.198,0.689891,-4.866572,0.275438,-3.901242,0.847355,0.671319,0.374371,0.032027,0.142987,1.281721,2.018879,650,690,12.2031
1,429,15.254,0.689517,-4.936985,0.245217,-4.002251,0.845467,0.498463,0.605841,0.077580,0.143112,1.280831,2.020739,605,660,12.7736
1,430,15.306,0.690615,-4.770533,0.255956,-3.823961,0.792717,0.542043,0.550598,0.060070,0.143230,1.280057,2.022130,515,565,12.6990
1,431,15.363,0.703844,-4.737749,0.247045,-3.786860,0.822987,0.515977,0.616410,0.058258,0.143347,1.278257,2.023920,630,670,12.6429
1,432,15.417,0.775902,-4.865197,0.274089,-3.815206,0.850694,0.278247,0.597404,0.048358,0.143443,1.277176,2.024971,580,620,12.6052
1,433,15.469,0.713861,-4.947024,0.281492,-3.951672,0.843196,0.744223,0.435374,0.038744,0.143560,1.274692,2.025822,635,675,12.5528
1,434,15.521,0.818275,-4.826670,0.292333,-3.716061,0.880930,0.491122,0.447283,0.043422,0.143684,1.274848,2.026185,680,750,12.1206
1,435,15.580,0.843642,-4.869866,0.305526,-3.720697,0.854747,0.576367,0.470076,0.080187,0.143804,1.273190,2.026293,570,625,11.5298
1,436,15.641,0.824887,-5.011693,0.285063,-3.901743,0.897405,0.614458,0.453118,0.051595,0.143923,1.271848,2.026013,610,640,12.4918
1,437,15.698,0.751159,-4.941659,0.269297,-3.921203,0.860676,0.415395,0.388529,0.053046,0.144052,1.271761,2.025883,610,645,12.6148
1,438,15.751,0.773494,-4.825955,0.263721,-3.788739,0.831400,0.476920,0.348390,0.029254,0.144179,1.272155,2.025648,610,655,12.5393
1,439,15.810,0.747013,-4.944805,0.273418,-3.924374,0.862874,0.664132,0.310120,0.045781,0.144315,1.271554,2.025123,535,590,11.9383
1,440,15.864,0.750574,-4.934861,0.273653,-3.910635,0.809834,0.383161,0.288886,0.040891,0.144458,1.270558,2.024747,565,590,12.6142
1,441,15.921,0.702443,-4.950658,0.254875,-3.993340,0.856542,0.606652,0.321193,0.039371,0.144587,1.269117,2.024155,530,540,12.8094
1,442,15.979,0.765504,-4.984817,0.291559,-3.927754,0.912084,0.519139,0.377259,0.025271,0.144705,1.266805,2.024029,600,620,13.3433
1,443,16.036,0.755749,-5.006368,0.292718,-3.957901,0.914910,0.576423,0.460089,0.036240,0.144822,1.265450,2.023602,615,630,12.8846
1,444,16.095,0.725425,-4.880272,0.285257,-3.869589,0.888154,0.715618,0.302264,0.040666,0.144933,1.263955,2.023958,545,575,12.4459
1,445,16.159,0.691227,-5.016267,0.272054,-4.052986,0.857111,0.567046,0.401975,0.103638,0.145043,1.262885,2.024186,575,620,13.3391
1,446,16.212,0.724539,-4.966184,0.260198,-3.981447,0.855852,0.494917,0.381563,0.084627,0.145146,1.261991,2.023974,680,730,12.3647
1,447,16.267,0.737553,-4.932713,0.266905,-3.928255,0.873575,0.720886,0.328183,0.058909,0.145254,1.261411,2.023713,625,660,12.4832
1,448,16.327,0.712147,-5.084605,0.272758,-4.099699,0.928106,0.654737,0.425155,0.025277,0.145373,1.261612,2.024339,780,820,12.4295
1,449,16.386,0.783513,-5.015096,0.270173,-3.961409,0.865974,0.367583,0.484267,0.019525,0.145512,1.262494,2.024300,910,975,12.2571
1,450,16.450,0.818813,-5.063567,0.283636,-3.961118,0.827778,0.415543,0.534725,0.032727,0.145650,1.263696,2.024218,790,845,13.2430
1,451,16.511,0.717942,-4.987861,0.296092,-3.973828,0.851546,0.581374,0.476119,0.046310,0.145784,1.263719,2.024621,670,705,12.5030
1,452,16.570,0.724014,-4.956935,0.274561,-3.958360,0.828307,0.444042,0.374303,0.051652,0.145912,1.262972,2.025429,670,700,12.9791
1,453,16.632,0.665399,-5.036573,0.285784,-4.085390,0.883894,0.444187,0.705442,0.045274,0.146042,1.260486,2.026000,730,750,11.4575
1,454,16.689,0.736748,-4.958411,0.285854,-3.935809,0.849942,0.485313,0.311914,0.057202,0.146163,1.257338,2.027096,665,695,11.9233
1,455,16.749,0.706858,-4.926507,0.267007,-3.952641,0.791856,0.280754,0.318567,0.035499,0.146271,1.254938,2.028420,735,760,12.4694
1,456,16.809,0.795479,-4.972704,0.286774,-3.890451,0.824360,0.328443,0.287523,0.049730,0.146376,1.251080,2.029201,835,895,12.3796
1,457,16.865,0.800492,-5.026793,0.287199,-3.939101,0.891413,0.457551,0.403125,0.038946,0.146496,1.247702,2.029723,710,750,12.4915
1,458,16.927,0.643384,-5.107961,0.269893,-4.194684,0.784596,0.309799,0.425813,0.020089,0.146609,1.243839,2.029838,770,820,12.4455
1,459,16.988,0.768588,-5.080481,0.267311,-4.044582,0.887431,0.353301,0.309591,0.052640,0.146717,1.240636,2.029932,715,775,12.0503
1,460,17.050,0.626631,-4.935089,0.278669,-4.029788,0.874915,0.411136,0.486025,0.022082,0.146826,1.238807,2.030415,785,825,12.0484
1,461,17.107,0.747974,-5.054718,0.272249,-4.034494,0.870125,0.460568,0.512191,0.020395,0.146940,1.237488,2.030440,825,875,12.4000
1,462,17.171,0.782847,-4.981920,0.282391,-3.916682,0.840787,0.273326,0.471021,0.023271,0.147076,1.234578,2.029768,760,780,11.8118
1,463,17.226,0.734187,-5.078069,0.259978,-4.083905,0.837811,0.369487,0.423896,0.035053,0.147208,1.232998,2.029866,695,735,12.8288
1,464,17.288,0.709588,-5.144964,0.269980,-4.165396,0.833738,0.687739,0.297717,0.011900,0.147347,1.228977,2.030278,635,700,12.1276
1,465,17.343,0.774327,-4.963516,0.261822,-3.927367,0.817894,0.332281,0.368641,0.022981,0.147481,1.226773,2.030637,610,620,12.5016
1,466,17.403,0.721276,-4.978780,0.258842,-3.998662,0.790727,0.477294,0.367993,0.031215,0.147630,1.224027,2.030309,655,705,12.8870
1,467,17.458,0.684806,-5.050146,0.252184,-4.113156,0.852356,0.516823,0.309413,0.037788,0.147767,1.223948,2.030188,490,555,13.3184
1,468,17.518,0.826703,-5.107556,0.277414,-4.003439,0.810447,0.531058,0.446473,0.024247,0.147919,1.226912,2.030458,620,635,12.4048
1,469,17.573,0.736950,-5.009275,0.268911,-4.003415,0.828998,0.397664,0.546074,0.028872,0.148070,1.226379,2.030883,615,670,12.7431
1,470,17.633,0.720281,-5.004561,0.255936,-4.028344,0.863013,0.394685,0.420168,0.042373,0.148211,1.225235,2.030886,620,660,12.9742
1,471,17.689,0.677564,-5.081834,0.243697,-4.160574,0.863143,0.618897,0.417676,0.053280,0.148339,1.222962,2.030793,680,700,11.9382
1,472,17.750,0.610932,-5.036928,0.256697,-4.169299,0.801543,0.449208,0.314414,0.031881,0.148468,1.221550,2.030564,750,790,12.8627
1,473,17.813,0.859991,-5.062545,0.292465,-3.910089,0.842249,0.496607,0.521569,0.062925,0.148598,1.221207,2.030216,650,670,12.7862
1,474,17.875,0.811105,-5.103735,0.289297,-4.003333,0.844358,0.540111,0.293407,0.083066,0.148740,1.222154,2.030530,685,715,12.9022
1,475,17.932,0.825714,-5.122567,0.281951,-4.014903,0.791619,0.461878,0.388150,0.074900,0.148900,1.220341,2.030669,775,820,12.2413
1,476,17.995,0.738894,-5.050014,0.272267,-4.038853,0.826762,0.633242,0.462216,0.065229,0.149064,1.218152,2.030175,670,705,12.5672
1,477,18.057,0.802148,-5.157285,0.285620,-4.069516,0.843340,0.692223,0.322394,0.060088,0.149235,1.218976,2.028941,810,885,12.0469
1,478,18.124,0.749423,-5.119044,0.259404,-4.110216,0.790067,0.498335,0.531668,0.027713,0.149392,1.220523,2.027397,815,855,12.6736
1,479,18.187,0.797734,-5.080144,0.272684,-4.009725,0.803443,0.467906,0.310987,0.039088,0.149545,1.222207,2.025550,740,780,12.4257
1,480,18.251,0.887801,-5.121932,0.273320,-3.960810,0.803120,0.414427,0.452290,0.057668,0.149694,1.224630,2.024256,810,855,12.1679
1,481,18.310,0.764842,-5.195707,0.269063,-4.161801,0.799714,0.550464,0.516005,0.080790,0.149849,1.224059,2.023098,810,860,13.3309
1,482,18.373,0.885806,-5.214633,0.285804,-4.043022,0.832246,0.377426,0.324979,0.066561,0.150011,1.223677,2.021713,845,905,11.9929
1,483,18.437,0.767777,-5.184814,0.288352,-4.128686,0.840096,0.293372,0.267135,0.045413,0.150161,1.225318,2.020748,885,920,12.4497
1,484,18.503,0.786715,-5.194359,0.280563,-4.127080,0.835706,0.496440,0.368290,0.046051,0.150325,1.223501,2.019666,720,765,12.6236
1,485,18.568,0.853000,-5.099022,0.272969,-3.973053,0.828177,0.661860,0.446893,0.022569,0.150484,1.221682,2.018614,860,920,12.0244
1,486,18.633,0.776999,-5.122115,0.269681,-4.075435,0.825088,0.488628,0.528654,0.055856,0.150634,1.223646,2.017550,760,810,11.9368
1,487,18.700,0.766473,-5.243634,0.256692,-4.220469,0.834650,0.364461,0.354520,0.050587,0.150782,1.224680,2.016419,845,880,12.0568
1,488,18.762,0.756543,-5.235474,0.283809,-4.195122,0.817028,0.556653,0.419973,0.072050,0.150918,1.221783,2.015058,865,905,12.0960
1,489,18.826,0.772473,-5.325769,0.282584,-4.270713,0.883897,0.685420,0.497972,0.059508,0.151056,1.221169,2.014360,760,805,12.1184
1,490,18.886,0.768869,-5.202692,0.285671,-4.148152,0.882745,0.834241,0.600598,0.054796,0.151194,1.224023,2.013348,675,700,13.1037
1,491,18.952,0.726533,-5.214373,0.258777,-4.229063,0.853209,0.496212,0.499432,0.035853,0.151334,1.221953,2.012084,685,700,12.7562
1,492,19.018,0.828873,-5.325518,0.263200,-4.233445,0.848568,0.410723,0.476367,0.023957,0.151472,1.221011,2.010525,650,670,12.7323
1,493,19.076,0.803869,-5.331624,0.284468,-4.243286,0.856989,0.563284,0.493666,0.038040,0.151608,1.220975,2.008911,660,670,12.8894
1,494,19.144,0.801909,-5.309243,0.275512,-4.231822,0.846430,0.323073,0.390418,0.010697,0.151741,1.222766,2.007630,845,890,12.9432
1,495,19.206,0.769751,-5.349046,0.277164,-4.302130,0.864065,0.368204,0.566211,0.024862,0.151862,1.223553,2.006233,700,725,12.0243
1,496,19.263,0.871143,-5.377546,0.282551,-4.223852,0.854524,0.496054,0.557499,0.028042,0.151983,1.223726,2.004776,725,755,12.3669
1,497,19.326,0.898718,-5.341230,0.274569,-4.167943,0.905123,0.381614,0.666715,0.025992,0.152106,1.220628,2.002260,610,645,12.6148
1,498,19.387,0.890444,-5.418151,0.286839,-4.240869,0.906233,0.331946,0.769425,0.044110,0.152216,1.222502,1.999655,665,700,12.5805
1,499,19.448,0.876098,-5.416996,0.297428,-4.243471,0.900146,0.334640,0.498202,0.042112,0.152342,1.221132,1.996890,700,720,12.1114
1,500,19.510,0.903653,-5.374403,0.286015,-4.184734,0.870539,0.665925,0.623722,0.019405,0.152481,1.221904,1.994052,665,705,12.3759
1,501,19.570,0.894200,-5.364132,0.257300,-4.212633,0.919089,0.433165,0.533978,0.045268,0.152614,1.223866,1.991555,790,825,12.5722
1,502,19.635,0.887611,-5.416119,0.272925,-4.255583,0.880427,0.358556,0.603659,0.029979,0.152750,1.225975,1.989899,630,680,12.0492
1,503,19.702,0.814875,-5.296363,0.282687,-4.198801,0.821635,0.443552,0.516991,0.023473,0.152875,1.220477,1.987894,770,840,12.4922
1,504,19.763,0.834347,-5.397333,0.290080,-4.272906,0.881369,0.535201,0.479042,0.035950,0.153004,1.217033,1.985946,775,835,12.5716
1,505,19.827,0.873128,-5.429643,0.297540,-4.258975,0.890700,0.627387,0.588700,0.063834,0.153145,1.214373,1.983879,660,715,11.8727
1,506,19.890,0.848713,-5.466575,0.270032,-4.347829,0.915838,0.304072,0.532383,0.030970,0.153316,1.214483,1.981594,760,810,12.4934
1,507,19.951,0.807211,-5.337145,0.272551,-4.257383,0.868148,0.363239,0.444480,0.024446,0.153504,1.213984,1.979524,680,715,12.5956
1,508,20.017,0.862978,-5.342572,0.282366,-4.197227,0.880798,0.456517,0.427774,0.037607,0.153680,1.212097,1.977427,725,750,11.8469
1,509,20.078,0.839518,-5.440161,0.281563,-4.319081,0.885906,0.587340,0.529602,0.017087,0.153867,1.211457,1.974537,695,750,11.8590
1,510,20.143,0.821137,-5.447570,0.291114,-4.335319,0.873342,0.451789,0.545933,0.027770,0.154060,1.212575,1.971155,750,790,12.1227
1,511,20.213,0.842461,-5.450299,0.276038,-4.331801,0.884244,0.626878,0.428519,0.037128,0.154264,1.213876,1.967347,760,785,12.3737
1,512,20.320,0.827845,-5.456399,0.269289,-4.359266,0.880562,0.507059,0.356427,0.049988,0.154460,1.216191,1.963893,795,860,12.4780
1,513,20.382,0.888559,-5.382627,0.270101,-4.223966,0.861232,0.359438,0.591788,0.063433,0.154665,1.216210,1.961513,815,860,11.8785
1,514,20.450,0.850485,-5.404808,0.284976,-4.269347,0.886871,0.635163,0.448722,0.093988,0.154871,1.214093,1.959155,625,675,12.2224
1,515,20.515,0.861842,-5.485350,0.274155,-4.349352,0.862633,0.866137,0.521152,0.068699,0.155077,1.213405,1.958463,800,855,12.6350
1,516,20.578,0.863331,-5.494387,0.288701,-4.342354,0.859095,0.384798,0.637317,0.032241,0.155281,1.213482,1.956623,695,730,12.6576
1,517,20.644,0.842427,-5.474506,0.270577,-4.361502,0.797576,0.549890,0.461673,0.025062,0.155481,1.211012,1.954373,820,855,12.3183
1,518,20.711,0.852184,-5.476669,0.279963,-4.344522,0.834928,0.442767,0.619462,0.036062,0.155681,1.213088,1.951535,745,800,12.0470
1,519,20.774,0.868167,-5.510028,0.297727,-4.344134,0.856290,0.621947,0.593676,0.056037,0.155898,1.212082,1.948955,760,800,12.9342
1,520,20.848,0.817291,-5.467689,0.288925,-4.361472,0.889631,0.508035,0.608849,0.062422,0.156102,1.212675,1.947089,740,780,12.1162
1,521,20.917,0.849316,-5.501636,0.287026,-4.365294,0.859251,0.429484,0.748885,0.051778,0.156295,1.209613,1.945689,755,790,12.6530
1,522,20.987,0.851607,-5.464515,0.280724,-4.332183,0.874021,0.539693,0.457587,0.044728,0.156485,1.208410,1.943871,590,625,13.0847
1,523,21.052,0.839764,-5.421914,0.260081,-4.322069,0.924781,0.471991,0.432762,0.041020,0.156675,1.205872,1.941691,580,630,13.2448
1,524,21.118,0.767007,-5.489265,0.256850,-4.465408,0.916143,0.608957,0.661971,0.030167,0.156861,1.204261,1.939442,665,695,13.4827
1,525,21.185,0.858208,-5.497674,0.292399,-4.347066,0.865178,0.564913,0.563684,0.051231,0.157046,1.202881,1.936730,750,795,13.0347
1,526,21.248,0.787638,-5.576782,0.256179,-4.532965,0.894923,0.430903,0.642345,0.043851,0.157227,1.200606,1.935188,660,710,13.1227
1,527,21.313,0.837623,-5.521256,0.273009,-4.410624,0.847859,0.672351,0.543447,0.016388,0.157406,1.197577,1.933796,800,870,12.9175
1,528,21.382,0.703302,-5.477339,0.257423,-4.516615,0.890603,0.566404,0.485271,0.032648,0.157579,1.196154,1.932417,775,805,12.7781
1,529,21.451,0.770947,-5.613175,0.251731,-4.590496,0.856372,0.421631,0.684632,0.050548,0.157756,1.195647,1.931137,775,825,12.9523
1,530,21.519,0.753840,-5.633166,0.252362,-4.626964,0.894281,0.627245,0.550508,0.054392,0.157943,1.194446,1.929442,705,745,12.3305
1,531,21.586,0.748995,-5.482501,0.265139,-4.468367,0.876000,0.424739,0.464226,0.036749,0.158129,1.193102,1.927655,780,825,12.2885
1,532,21.655,0.757881,-5.560585,0.272274,-4.530430,0.878415,0.505660,0.450843,0.019854,0.158304,1.192139,1.925095,730,765,12.7110
1,533,21.722,0.879417,-5.566305,0.277110,-4.409778,0.869108,0.462360,0.344617,0.042667,0.158468,1.190490,1.922116,715,740,12.9986
1,534,21.786,0.748436,-5.564662,0.273891,-4.542335,0.846544,0.460957,0.433892,0.031647,0.158624,1.190079,1.919097,775,820,13.0103
1,535,21.852,0.796509,-5.643184,0.272095,-4.574580,0.874221,0.463709,0.417087,0.032899,0.158771,1.194039,1.916160,775,795,12.7110
1,536,21.916,0.823772,-5.554968,0.291080,-4.440116,0.867101,0.457465,0.403269,0.046331,0.158923,1.192260,1.914487,795,850,12.6164
1,537,21.988,0.831109,-5.587540,0.282935,-4.473496,0.846505,0.582060,0.776171,0.039350,0.159089,1.189451,1.912406,765,810,12.4013
1,538,22.054,0.913237,-5.596654,0.286882,-4.396536,0.881435,0.414179,0.398795,0.035583,0.159264,1.187325,1.910322,735,780,12.3156
1,539,22.124,0.878418,-5.545394,0.280998,-4.385978,0.867102,0.370788,0.597928,0.028253,0.159448,1.187081,1.909391,680,710,12.6191
1,540,22.198,0.835677,-5.483062,0.267090,-4.380295,0.822942,0.536989,0.547518,0.033212,0.159630,1.185389,1.908713,710,765,12.6901
1,541,22.263,0.897075,-5.610946,0.267622,-4.446249,0.900929,0.473142,0.538089,0.023496,0.159804,1.187265,1.908265,580,620,12.6414
1,542,22.329,0.788853,-5.525154,0.282266,-4.454035,0.808277,0.418839,0.855304,0.036610,0.159982,1.187785,1.907224,660,690,12.7985
1,543,22.396,0.876284,-5.562984,0.290597,-4.396104,0.865783,0.489372,0.437744,0.061369,0.160179,1.188285,1.906083,600,635,12.8717
1,544,22.459,0.897764,-5.566169,0.304929,-4.363476,0.835284,0.443198,0.415274,0.080087,0.160380,1.188492,1.904374,540,575,13.1833
1,545,22.528,0.877840,-5.571788,0.307600,-4.386349,0.840023,0.461085,0.759140,0.080462,0.160586,1.190893,1.903264,755,815,12.3974
1,546,22.599,0.882459,-5.433500,0.291994,-4.259047,0.902211,0.492645,0.603659,0.039258,0.160788,1.194962,1.902971,495,535,13.2162
1,547,22.669,0.881998,-5.601708,0.276775,-4.442935,0.857412,0.515592,0.417415,0.035249,0.160986,1.200149,1.902717,715,745,13.5175
1,548,22.734,0.811255,-5.557251,0.276546,-4.469450,0.841503,0.345252,0.495885,0.046362,0.161163,1.202108,1.902806,650,660,12.9554
1,549,22.804,0.744289,-5.588558,0.276681,-4.567588,0.839487,0.338976,0.657230,0.059126,0.161342,1.201634,1.902595,770,800,12.7468
1,550,22.869,0.841116,-5.608822,0.291991,-4.475715,0.909539,0.390549,0.634952,0.032156,0.161525,1.201275,1.902072,615,645,12.7805
1,551,22.939,0.916795,-5.609118,0.313302,-4.379021,0.974897,0.534471,0.417176,0.059899,0.161689,1.202510,1.902192,265,270,13.0377
